<?xml version="1.0"?>
<CertificateTypeWeightConfig>
    <CertificateType>1,1,1,1,1,1,1,3,2,1,1,1</CertificateType>
    <totalScore>100</totalScore>
    <benchmarkScore>100</benchmarkScore>
    <weightConfig>
        <weight>
            <type>ID</type>
            <weight>0.01</weight>
        </weight>
        <weight>
            <type>CREDITREPORT</type>
            <weight>0.25</weight>
        </weight>
        <weight>
            <type>FAMILY</type>
            <weight>0.10</weight>
        </weight>
        <weight>
            <type>EDUCATION</type>
            <weight>0.03</weight>
        </weight>
        <weight>
            <type>INCOME</type>
            <weight>0.25</weight>
        </weight>
        <weight>
            <type>CAREER</type>
            <weight>0.15</weight>
        </weight>
        <weight>
            <type>REALESTATE</type>
            <weight>0.10</weight>
        </weight>
        <weight>
            <type>LOCATION</type>
            <weight>0.01</weight>
        </weight>
         <weight>
            <type>VEHICLE</type>
            <weight>0.05</weight>
        </weight>
         <weight>
            <type>LOANPURPOSE</type>
            <weight>0.15</weight>
        </weight>
         <weight>
            <type>GUARANTEE</type>
            <weight>0.10</weight>
        </weight>
    </weightConfig>
    <scoreConfig>
        <score>
            <minScore>0</minScore>
            <maxScore>49</maxScore>
            <rank>HR</rank>
        </score>
         <score>
            <minScore>50</minScore>
            <maxScore>59</maxScore>
            <rank>E</rank>
        </score>
         <score>
            <minScore>60</minScore>
            <maxScore>69</maxScore>
            <rank>D</rank>
        </score>
         <score>
            <minScore>70</minScore>
            <maxScore>79</maxScore>
            <rank>C</rank>
        </score>
         <score>
            <minScore>80</minScore>
            <maxScore>89</maxScore>
            <rank>B</rank>
        </score>
         <score>
            <minScore>90</minScore>
            <maxScore>99</maxScore>
            <rank>A</rank>
        </score>
         <score>
            <minScore>100</minScore>
            <maxScore>120</maxScore>
            <rank>AA</rank>
        </score>
    </scoreConfig>
</CertificateTypeWeightConfig>