<?xml version="1.0"?>
<PaymentConfig>
    <merId>merId</merId>
    <merCustId>merCustId</merCustId>
    <privateKeyPath>/var/CreditCloud/MerPrK.key</privateKeyPath>
    <publicKeyPath>/var/CreditCloud/PgPubk.key</publicKeyPath>
    <url>http://test.chinapnr.com</url>
    <path>/muser/publicRequests</path>
    <retUrl>http://demo.creditcloud.com</retUrl>
    <adminRetUrl>http://admin.creditcloud.com</adminRetUrl>
    <deviceRetUrl>http://device.creditcloud.com</deviceRetUrl>
    <maxTenderRate>0.10</maxTenderRate>
    <maxBorrowerRate>0.99</maxBorrowerRate>
    <baseAccount>
        <accountType>MERDT</accountType>
        <accountId>MDT000001</accountId>
    </baseAccount>
    <guaranteeAccount>
        <accountType>SPEDT</accountType>
        <accountId>SDT000001</accountId>
    </guaranteeAccount>
    <feeAccount>
        <accountType>SPEDT</accountType>
        <accountId>SDT000002</accountId>
    </feeAccount>
</PaymentConfig>
