<?xml version="1.0" encoding="UTF-8"?>
<!DOCTYPE resources PUBLIC "-//GlassFish.org//DTD GlassFish Application Server 3.1 Resource Definitions//EN" "http://glassfish.org/dtds/glassfish-resources_1_5.dtd">
<resources>
    <jdbc-connection-pool allow-non-component-callers="false" associate-with-thread="false" connection-creation-retry-attempts="0" connection-creation-retry-interval-in-seconds="10" connection-leak-reclaim="false" connection-leak-timeout-in-seconds="0" connection-validation-method="table" datasource-classname="com.mysql.jdbc.jdbc2.optional.MysqlXADataSource" fail-all-connections="false" idle-timeout-in-seconds="300" is-connection-validation-required="false" is-isolation-level-guaranteed="true" lazy-connection-association="false" lazy-connection-enlistment="false" match-connections="false" max-connection-usage-count="0" max-pool-size="100" max-wait-time-in-millis="60000" name="InfoPool" non-transactional-connections="false" ping="false" pool-resize-quantity="2" pooling="true" res-type="javax.sql.XADataSource" statement-cache-size="0" statement-leak-reclaim="false" statement-leak-timeout-in-seconds="0" statement-timeout-in-seconds="-1" steady-pool-size="32" validate-atmost-once-period-in-seconds="0" validation-table-name="TB_MESSAGE" wrap-jdbc-objects="true">
        <property name="URL" value="jdbc:mysql://localhost:3306/Info?characterEncoding=GBK"/>
        <property name="User" value="root"/>
        <property name="Password" value="Passw0rd"/>
    </jdbc-connection-pool>
    <jdbc-connection-pool allow-non-component-callers="false" associate-with-thread="false" connection-creation-retry-attempts="0" connection-creation-retry-interval-in-seconds="10" connection-leak-reclaim="false" connection-leak-timeout-in-seconds="0" connection-validation-method="table" datasource-classname="com.mysql.jdbc.jdbc2.optional.MysqlXADataSource" fail-all-connections="false" idle-timeout-in-seconds="300" is-connection-validation-required="false" is-isolation-level-guaranteed="true" lazy-connection-association="false" lazy-connection-enlistment="false" match-connections="false" max-connection-usage-count="0" max-pool-size="100" max-wait-time-in-millis="60000" name="BizPool" non-transactional-connections="false" ping="false" pool-resize-quantity="2" pooling="true" res-type="javax.sql.XADataSource" statement-cache-size="0" statement-leak-reclaim="false" statement-leak-timeout-in-seconds="0" statement-timeout-in-seconds="-1" steady-pool-size="32" validate-atmost-once-period-in-seconds="0" validation-table-name="TB_USER" wrap-jdbc-objects="true">
        <property name="URL" value="jdbc:mysql://localhost:3306/Biz?characterEncoding=GBK"/>
        <property name="User" value="root"/>
        <property name="Password" value="Passw0rd"/>
    </jdbc-connection-pool>
    <jdbc-resource enabled="true" jndi-name="ClientDS" object-type="user" pool-name="BizPool"/>
    <jdbc-resource enabled="true" jndi-name="UserDS" object-type="user" pool-name="BizPool"/>
    <jdbc-resource enabled="true" jndi-name="PaymentDS" object-type="user" pool-name="BizPool"/>
    <jdbc-resource enabled="true" jndi-name="FundDS" object-type="user" pool-name="BizPool"/>
    <jdbc-resource enabled="true" jndi-name="BizDS" object-type="user" pool-name="BizPool"/>
    <jdbc-resource enabled="true" jndi-name="InfoDS" object-type="user" pool-name="InfoPool"/>
    <jdbc-resource enabled="true" jndi-name="VADS" object-type="user" pool-name="InfoPool"/>
</resources>
